Counter,Channel1
9,0.06991400255355984
10,0.13053918280638754
11,0.13714935653842986
12,0.09459693392273039
13,-0.002884896530304104
14,-0.09616889414610341
15,-0.15989429166074842
16,-0.1721603308687918
17,-0.13159481977345422
18,-0.03231549559859559
19,0.06410444056382403
20,0.12095938407583162
21,0.12673311558319256
22,0.08310182887362316
23,-0.011310227797366679
24,-0.10616444068728015
25,-0.16828624048503116
26,-0.17370715487049893
27,-0.1294796793954447
28,-0.021300534950569272
29,0.0815641637891531
30,0.1385103809298016
31,0.14205792016582564
32,0.10254638828337193
33,0.0071243413258343935
34,-0.08971379284048453
35,-0.15893841680372134
36,-0.1691322824335657
37,-0.12430296780075878
38,-0.02662159298779443
39,0.07149619306437671
40,0.1327291217749007
41,0.13372590445214882
42,0.08788733970141038
43,-0.007996312226168811
44,-0.09992888453416526
45,-0.16572018340229988
46,-0.1711452286108397
47,-0.12289713835343719
48,-0.017656356329098344
49,0.0761770973331295
50,0.1322795597370714
51,0.13510681450134143
52,0.09048565971897915
53,-0.010280842252541333
54,-0.09720867802388966
55,-0.16568773001199588
56,-0.1662341189221479
57,-0.11958002264145762
58,-0.01263743860181421
59,0.07899200695101172
60,0.1359434174373746
61,0.1336419745348394
62,0.09012128703761846
63,-0.010522395954467356
64,-0.09781547822058201
65,-0.1644638130092062
66,-0.17159810767043382
67,-0.12493426946457475
68,-0.01566467626253143
69,0.07865353702800348
70,0.13426419952884316
71,0.13513698161114007
72,0.08807697688462213
73,-0.013904421997722238
74,-0.10314264887711033
75,-0.16087805799907073
76,-0.16643297130940482
77,-0.11721686943201348
78,-0.012107460235711187
79,0.08013130200561136
80,0.1350077844108455
81,0.13392806967021897
82,0.08626061776885763
83,-0.014253794855903834
84,-0.1026374488719739
85,-0.16110530798323452
86,-0.16056150465738028
87,-0.11294112302130088
88,-0.0066194842220284045
89,0.08390226127812639
90,0.13828438852215186
91,0.12890563014661893
92,0.08673557196743786
93,-0.011706141754984856
94,-0.10119179025059566
95,-0.16258911788463593
96,-0.15435889462241903
97,-0.10955447354353964
98,-0.013727399578783661
99,0.0842468241462484
100,0.13753086398355663
101,0.12937324558151886
102,0.08415349159622565
103,-0.021967050328385085
104,-0.10899503983091563
105,-0.1701343737076968
106,-0.16030502202920616
107,-0.11134310276247561
108,-0.0016089585842564702
109,0.0902458731434308
110,0.134372329688631
111,0.13207470544148237
112,0.08392328035552055
113,-0.015610699192620814
114,-0.10094230732647702
115,-0.16075416991952807
116,-0.15557585173519328
117,-0.10979317233432084
118,0.0031093928846530616
119,0.09129714639857411
120,0.1471302326535806
121,0.1344433295307681
122,0.09043453395133838
123,-0.014233285910449922
124,-0.09761583094950765
125,-0.15743348695104942
126,-0.15018760488601401
127,-0.10587793606100604
128,0.01384763652458787
129,0.0954304572660476
130,0.1474754557129927
131,0.1347880084067583
132,0.08846139372326434
133,-0.016812660673167557
134,-0.10019055003067479
135,-0.16183298296527937
136,-0.14994465076597407
137,-0.10136666073231027
138,0.009569724672473967
139,0.09762420767219737
140,0.1451528031611815
141,0.1347868422162719
142,0.08589911594754085
143,-0.015467518009245396
144,-0.10189675510628149
145,-0.1596332872286439
146,-0.15116370626492426
147,-0.10843763331649825
148,0.0077557689510285854
149,0.09947243268834427
150,0.1493151230388321
151,0.13833205599803478
152,0.09395071293693036
153,-0.017431016836781055
154,-0.10483238403685391
155,-0.16195381106808782
156,-0.15396787063218653
157,-0.10574844211805612
158,0.008244958182331175
159,0.09776552574476227
160,0.14553798356791958
161,0.13602526066824794
162,0.08798925543669611
163,-0.018991153221577406
164,-0.11004849651362747
165,-0.16289187705842778
166,-0.1494158657733351
167,-0.10461933957412839
168,0.011079633783083409
169,0.10474197909934446
170,0.1553072691312991
171,0.13858152873581275
172,0.09468776546418667
173,-0.015963328070938587
174,-0.1055624439031817
175,-0.16256044030888006
176,-0.1538414778187871
177,-0.1045244435663335
178,0.011296383338049054
179,0.09971404232783243
180,0.14980047987774014
181,0.13527990778675303
182,0.08517203171504661
183,-0.025218145397957414
184,-0.11138578440295532
185,-0.17300787253770977
186,-0.15207403368549421
187,-0.10056468920083717
188,0.01951790100429207
189,0.10743322951020673
190,0.1531154356780462
191,0.13675964687718078
192,0.09311321889981627
193,-0.02338907029479742
194,-0.10931595345027745
195,-0.16655101190553978
196,-0.14904350443976
197,-0.09973479359177873
198,0.02632251608883962
199,0.11142068833578378
200,0.15880332421511412
201,0.14560847938992083
202,0.09304314194014296
203,-0.014799708325881511
204,-0.09940025495598093
205,-0.15970197558635846
206,-0.1492804386653006
207,-0.09789797430858016
208,0.020350490463897586
209,0.11070361506426707
210,0.15381884621456265
211,0.13624221965437755
212,0.08808415167732164
213,-0.022920883900951594
214,-0.11043406452517956
215,-0.16339843155583367
216,-0.14601844840217382
217,-0.09415387868648395
218,0.021892667922656983
219,0.10638892481802031
220,0.15158521733246744
221,0.13315887533826753
222,0.085982033633627
223,-0.026726676034741104
224,-0.1174040426267311
225,-0.17303911846829578
226,-0.15076344995759428
227,-0.0975487744435668
228,0.022162761713843793
229,0.1131226239958778
230,0.157331358990632
231,0.13645566150080413
232,0.08366279874462634
233,-0.023187538725323975
234,-0.11130991182290018
235,-0.16439454047940671
236,-0.1540864318376407
237,-0.0995242158533074
238,0.01836146245477721
239,0.10920618113595992
240,0.15208036440890282
241,0.1263355978881009
242,0.06868232775013894
243,-0.03143338393419981
244,-0.11563819932052866
245,-0.16956873325398192
246,-0.148030792362988
247,-0.08713716850616038
248,0.027677590085659176
249,0.11899372207699344
250,0.15550860011717305
251,0.13353865157114342
252,0.08611746568931267
253,-0.025981421349570155
254,-0.110927649657242
255,-0.1690132204676047
0,-0.1405244076740928
1,-0.08098567434353754
2,0.03881860844558105
3,0.12133369367802516
4,0.15686870948411524
5,0.14282385422848165
6,0.0897759054787457
7,-0.02818368311272934
8,-0.11215033783810213
9,-0.1726730050286278
10,-0.14600714633706957
11,-0.08426337910350412
12,0.03749810374574736
13,0.12440615374362096
14,0.1673753767972812
15,0.14245722850318998
16,0.0816043407539837
17,-0.039145878108683974
18,-0.12370287644444034
19,-0.1731064795749262
20,-0.14717160229338333
21,-0.08969441161025316
22,0.031954783480614424
23,0.11850682989461347
24,0.15880341490264982
25,0.1335346633568406
26,0.07830794190522283
27,-0.03597236215136945
28,-0.12187649944098666
29,-0.1654291008017026
30,-0.14304468838963658
31,-0.08215983712580055
32,0.037158746912609786
33,0.12016469374066219
34,0.15228692046366632
35,0.12471250625094399
36,0.06547676341142505
37,-0.04268258641241118
38,-0.12625744577962905
39,-0.170290021749679
40,-0.14460390503518283
41,-0.08200871414737776
42,0.035358315566554666
43,0.12031895649852231
44,0.15829518728423864
45,0.13558867800747976
46,0.07596781832398847
47,-0.036356799653731287
48,-0.11616201867582276
49,-0.16887177602620795
50,-0.1402610568329692
51,-0.07791747216833755
52,0.035783458733931184
53,0.11635273817228153
54,0.15494584856787696
55,0.14224619447486475
56,0.08346726972376928
57,-0.03130989120109007
58,-0.11941747728269547
59,-0.16712100914446637
60,-0.13400080316932872
61,-0.07618092896882445
62,0.038614568242337555
63,0.13015537901083007
64,0.16994356701616198
65,0.1350201615714468
66,0.07661990664200857
67,-0.03619374136906117
68,-0.11868243612116203
69,-0.157971931330394
70,-0.1276731369434856
71,-0.06486411340301856
72,0.0482037523179315
73,0.12789714720565826
74,0.1656159100239165
75,0.1414327592938207
76,0.08094768028240651
77,-0.034922791935969144
78,-0.11546244809869677
79,-0.15939231222728267
80,-0.13262798835057765
81,-0.06798082852037624
82,0.04789760964922607
83,0.12905500660417601
84,0.1638445417629555
85,0.13576167239807546
86,0.07870152138639241
87,-0.03167674853466451
88,-0.11173439671983942
89,-0.1576223523588851
90,-0.1291537894285284
91,-0.06451288849348202
92,0.05196910590166226
93,0.1290944290230982
94,0.1575417736894451
95,0.12898215558379889
96,0.07351946498965845
97,-0.03380062972428277
98,-0.1059270536643453
99,-0.14694692427292466
100,-0.11642406013561413
101,-0.05119606840889901
102,0.06270094425417483
103,0.14566122886026278
104,0.17285935883410275
105,0.1484190429910086
106,0.08999452035641298
107,-0.019794325984548777
108,-0.09914165426744148
109,-0.15066258958540857
110,-0.11659652151865885
111,-0.05161243514157832
112,0.06021167727885768
113,0.13573642307892442
114,0.16526918340241536
115,0.1342561467899941
116,0.07353926199721172
117,-0.033781336329411715
118,-0.11188439599936828
119,-0.14899136737221852
120,-0.11724571039667353
121,-0.04701627668691799
122,0.06492146279197186
123,0.14507221663370728
124,0.17483212816296145
125,0.13880146306473762
126,0.07624686096096411
127,-0.030346996383741498
128,-0.10821245814440772
129,-0.14593599282670766
130,-0.1065124002052471
131,-0.04301018419209868
132,0.06550524721387774
133,0.14016641629859805
134,0.17139832599787042
135,0.13866647909162566
136,0.06928200111724436
137,-0.03839738527312875
138,-0.11051656998461112
139,-0.1464068073546514
140,-0.11295873305061832
141,-0.048713511030655354
142,0.0673734822194092
143,0.1475194140803069
144,0.18593380274251103
145,0.15585906885098666
146,0.08815126382978633
147,-0.026147865341044962
148,-0.11182688595727086
149,-0.15295947226695716
150,-0.12169538118178025
151,-0.0481658325297758
152,0.06926147820195183
153,0.14464725001016632
154,0.17660246911691502
155,0.1439828293514438
156,0.07568604627158493
157,-0.03139543428551406
158,-0.12023637455422431
159,-0.15537811093963683
160,-0.12020715535618365
161,-0.0458267290960066
162,0.0712303260806948
163,0.15258851513499394
164,0.1828219349263236
165,0.14799569611204788
166,0.07834995846496895
167,-0.03300517104798928
168,-0.11842857021838427
169,-0.15894009271869436
170,-0.11607946088770404
171,-0.04048699844861403
172,0.07717012264765799
173,0.15607825556071475
174,0.19167152524460107
175,0.1547559296595864
176,0.08521984884282574
177,-0.022245010768529028
178,-0.1056144930771552
179,-0.14663696545176208
180,-0.10599386203102767
181,-0.015540342079475522
182,0.09475434629712254
183,0.1674107481376268
184,0.18639660818735138
185,0.16278376278933138
186,0.09396472451044247
187,-0.02132171206176281
188,-0.10762040922418237
189,-0.1424197503947653
190,-0.10154070489807054
191,-0.022438048326876014
192,0.09225902578327805
193,0.16772449581185356
194,0.1895144362351857
195,0.1523577935877256
196,0.06928725109901279
197,-0.03497923433315009
198,-0.11442422983236611
199,-0.14421145617961884
200,-0.10845202940981835
201,-0.028727681667078286
202,0.08585821854649112
203,0.1642617695615627
204,0.1864233796368353
205,0.14329573343275115
206,0.07060769718373194
207,-0.033905403688549995
208,-0.11640170175815001
209,-0.14960069576045498
210,-0.10578255221480504
211,-0.021550695586483926
212,0.0910707184812054
213,0.16861092008184642
214,0.1913742496399209
215,0.15555515087908134
216,0.06979502964532003
217,-0.04227865918073803
218,-0.125004394329153
219,-0.15282215713523328
220,-0.10716922709252685
221,-0.02903336245799437
222,0.09104066510917619
223,0.162970325560309
224,0.18635314097627997
225,0.15042066463502124
226,0.06918192753801122
227,-0.042037261300720274
228,-0.1281786803738214
229,-0.1637966851121746
230,-0.12153950182255358
231,-0.026181772002018988
232,0.10169247176963836
233,0.1806767104426399
234,0.20390579861123115
235,0.1623315552715212
236,0.07607085886411369
237,-0.034795059938915074
238,-0.1307066844892688
239,-0.16412527801003307
240,-0.12198986392468214
241,-0.027363495901226997
242,0.0978292963700369
243,0.17938121198676527
244,0.20529538206756115
245,0.1664014506386593
246,0.0756205492070876
247,-0.039513624156825244
248,-0.13078269927063957
249,-0.1590791386552155
250,-0.11585541564272717
251,-0.0217281854711473
252,0.10052710870513692
253,0.18378128914628178
254,0.21041899995179847
255,0.17151554487645626
0,0.08096905250567943
1,-0.037589993386063725
2,-0.1300825487705879
3,-0.15789283072808757
4,-0.11272027267841622
5,-0.017379443801473826
6,0.09986723033944145
7,0.1839758563437499
8,0.2054903621901758
9,0.16025318775791675
10,0.06753094401210546
11,-0.04478459799429402
12,-0.1292152957757935
13,-0.16093030123738572
14,-0.11550882447045296
15,-0.017480276699643582
16,0.10464465850964189
17,0.18532946764025837
18,0.20793882361613214
19,0.16708752256818116
20,0.06935228838119656
21,-0.04406456556171179
22,-0.13057031598873436
23,-0.15984409768134356
24,-0.11101003823569044
25,-0.010184783721342683
26,0.1094875197741203
27,0.18369930173503235
28,0.19984712649602443
29,0.1538873608224094
30,0.05434572434751317
31,-0.05465424444992095
32,-0.14248314430005848
33,-0.1662478411453776
34,-0.12069572490872815
35,-0.021804990014061332
36,0.10008295119041577
37,0.17736018518917263
38,0.19144562946166843
39,0.1470860152039677
40,0.05219074705382809
41,-0.063635517610237
42,-0.14547258015954867
43,-0.1670368925551884
44,-0.11867848789552227
45,-0.006375766184646636
46,0.11670413467800245
47,0.19395156641257927
48,0.21434925362700596
49,0.1687290010158904
50,0.06623328028945252
51,-0.04949636495439336
52,-0.13379820151021704
53,-0.15867666335543618
54,-0.11216299422085285
55,-0.0007260473794303834
56,0.12380688247503713
57,0.19957766676088795
58,0.2177695482969284
59,0.16884974401909858
60,0.06110893975710496
61,-0.051075211667921394
62,-0.1385457512224093
63,-0.1576840642374009
64,-0.10751379188150167
65,-0.0019397696014493704
66,0.1149112195125781
67,0.19374636327847838
68,0.20633787830593064
69,0.15658418321982026
70,0.050572187814395875
71,-0.06378898827824742
72,-0.14745653420686722
73,-0.1668233344098553
74,-0.11700309108709916
75,-0.009705109114293009
76,0.10654951498145238
77,0.17869127134326845
78,0.1885040876804851
79,0.14122101734392345
80,0.03523604618385434
81,-0.07665889128111303
82,-0.15823044313583523
83,-0.17757830600021407
84,-0.13212977000512183
85,-0.020536414813250303
86,0.09927420131862164
87,0.1686236293753609
88,0.1833326899795793
89,0.1313021891983226
90,0.024724937160499394
91,-0.08398039458552375
92,-0.16712450614431873
93,-0.1867005416424945
94,-0.1394064066116698
95,-0.026458565494976938
96,0.08738642756361514
97,0.1605377946398221
98,0.17477339081233367
99,0.12495344103081152
100,0.015948273183312267
101,-0.10335209622280672
102,-0.18963272729888558
103,-0.2066074685426429
104,-0.15866801707306877
105,-0.04300262255128473
106,0.07648221013369039
107,0.15172652539331466
108,0.16268504410982132
109,0.11874099663691595
110,0.010356946615502238
111,-0.10124960966641083
112,-0.18558230035705492
113,-0.19866117625497282
114,-0.1489061414031312
115,-0.03545314527582377
116,0.08657971950015053
117,0.1574156986316666
118,0.16836432763375342
119,0.11477540957275778
120,0.005544876505155116
121,-0.1003207098110579
122,-0.18331325380131602
123,-0.19895714661106467
124,-0.14139581302879378
125,-0.025272789935115725
126,0.09149782155873254
127,0.16427663498325273
128,0.1710665431455709
129,0.12515658763004467
130,0.016273652610834688
131,-0.09778230218216777
132,-0.17773018189473078
133,-0.18752970203058794
134,-0.13633057998958975
135,-0.01741133799077943
136,0.096296344359871
137,0.16845689731417224
138,0.17914222594117746
139,0.12809558189474046
140,0.014085074071772397
141,-0.09569827991072088
142,-0.17601570062106475
143,-0.18374487006803975
144,-0.13340616499772295
145,-0.018394864222500473
146,0.0937290932633914
147,0.16504050872754306
148,0.16938992828363553
149,0.12653210514690727
150,0.015573481330648065
151,-0.09140733338426799
152,-0.16904915968189016
153,-0.18044951488263905
154,-0.12853112077573314
155,-0.007674277469050139
156,0.10430869384435937
157,0.17182049999246374
158,0.18128026387421414
159,0.12766864680452272
160,0.014878539543133229
161,-0.0908814586000517
162,-0.17120741721009836
163,-0.1787011930719018
164,-0.12885929184267297
165,-0.008733672846574336
166,0.1063001926522702
167,0.17466215876629576
168,0.1755795030039735
169,0.12905176484491676
170,0.015283471846487373
171,-0.09096512838732451
172,-0.16763211705256253
173,-0.17318089195759967
174,-0.12408061343012378
175,-0.006890622200444341
176,0.10911560582462698
177,0.17417953722178936
178,0.175707483838778
179,0.13076495903078467
180,0.017237480962648988
181,-0.09389313426800072
182,-0.16933537041768432
183,-0.1759788409108296
184,-0.12638580484781414
185,-0.004435261304024607
186,0.11229831993114203
187,0.18418640253366902
188,0.1861843498190865
189,0.13914977438980713
190,0.024387680692598224
191,-0.08541416988009587
192,-0.16318887064699084
193,-0.170819093240425
194,-0.1220891036791727
195,-0.00002438575029373169
196,0.11255449400050566
197,0.18541765119880438
198,0.1847300826339051
199,0.13367318193195388
200,0.012822560558561236
201,-0.09183649416081607
202,-0.17521016707178205
203,-0.17818460246780887
204,-0.12907574704149738
205,-0.009194024605676532
206,0.10645011166343465
207,0.17554322635987774
208,0.17548295325832441
209,0.12663775286637247
210,0.012263582670129836
211,-0.09300430939765647
212,-0.16600916668539867
213,-0.1679023148608394
214,-0.11881176568567753
215,0.0016614763881079853
216,0.10972461779601872
217,0.17673847841797397
218,0.17691991716856137
219,0.12831599719356745
220,0.012841095391195267
221,-0.0837686232989654
222,-0.15837549389107153
223,-0.16052624222356826
224,-0.113034428213723
225,0.009379803028423339
226,0.11364826635690406
227,0.17797183711081743
228,0.17558972293045372
229,0.12576838466338813
230,0.011151582410093397
231,-0.09094357612775639
232,-0.1621229171869345
233,-0.16487695852993056
234,-0.11567008343990892
235,0.004065539804287255
236,0.11517318693222478
237,0.17632292088819668
238,0.17443146416917443
239,0.13156389450887218
240,0.017790410201996565
241,-0.0832190143992193
242,-0.1550220280769281
243,-0.15510567487217486
244,-0.1050625903881155
245,0.01392223610309884
246,0.11842623306438327
247,0.17871624598046765
248,0.16925868694670498
249,0.122863199620042
250,0.004226494638714939
251,-0.0954174377839081
252,-0.16232046950608492
253,-0.1562932042288594
254,-0.10454068431863561
255,0.015174846455920488
0,0.11821293440880254
1,0.17960084095830098
2,0.16928783460753039
3,0.12520942802075297
4,0.012422580912243575
5,-0.08613840740872547
6,-0.15525340352905914
7,-0.14936083409702405
8,-0.09969417215324938
9,0.018305082223378122
10,0.12133740272838622
11,0.1860125181847252
12,0.17507809353992343
13,0.12598873465321958
14,0.011736726039089262
15,-0.07889575540320948
16,-0.15192663704510778
17,-0.14408883487340063
18,-0.09552944963797927
19,0.02173037314787507
20,0.12219514127355069
21,0.17906290048267692
22,0.16996998229296878
23,0.12357260170392692
24,0.009080710005946457
25,-0.08679166180081666
26,-0.15041769103845581
27,-0.14514400286134332
28,-0.09524139668792486
29,0.028969508595764637
30,0.12539643538184464
31,0.17884332715766504
32,0.16792112041730434
33,0.12506402580766007
34,0.009837465535383672
35,-0.08164587221108377
36,-0.14528129663085565
37,-0.14245623274473473
38,-0.09194886026671156
39,0.02810921851778403
40,0.12478132185060531
41,0.17908276536036283
42,0.16608650737907737
43,0.11750019009923562
44,0.003140533866826445
45,-0.09223394218133762
46,-0.15719237935263664
47,-0.1500777134206146
48,-0.10065466671949252
49,0.024906967824790627
50,0.12560931709595025
51,0.175274555105716
52,0.16350450011668727
53,0.11906929838005453
54,0.0038529469748027623
55,-0.09298651391873136
56,-0.15830967627698556
57,-0.14424137288006023
58,-0.09543868171749637
59,0.02852799533866346
60,0.12239385209977627
61,0.17706504452507943
62,0.16138883488019928
63,0.11085910344263539
64,-0.00909936282550916
65,-0.10347674618242308
66,-0.16743984346976504
67,-0.1515260276501067
68,-0.0996614703326486
69,0.021385509870015085
70,0.120020464702975
71,0.17542754858732224
72,0.1654863639269024
73,0.10885116452118382
74,-0.010372059885412455
75,-0.1042594286845997
76,-0.16944084677379578
77,-0.15486514708027244
78,-0.10250689648091793
79,0.01891094312304631
80,0.11145212245173752
81,0.16760613035876304
82,0.1529222705285065
83,0.1037490259623155
84,-0.013025922060478479
85,-0.10410347214201465
86,-0.17477346892701462
87,-0.1575051477411762
88,-0.10355670930584893
89,0.02322931488743052
90,0.12100717850262299
91,0.17629046278307214
92,0.1632986117620021
93,0.11886340222554281
94,-0.0013533938908949494
95,-0.09318353765411302
96,-0.15704317193012685
97,-0.1383429317502305
98,-0.08235533756669611
99,0.046588150202296674
100,0.14322663855273277
101,0.19432348833652213
102,0.17934792139567435
103,0.12415123695973307
104,0.002583130553830415
105,-0.09449871041579172
106,-0.15701477305265144
107,-0.13892473722808063
108,-0.08891258633229882
109,0.041383792005945
110,0.14083631959510967
111,0.19303474941989407
112,0.171475209412165
113,0.12092674861196429
114,0.005828046472743154
115,-0.0907720155082643
116,-0.15036792238242924
117,-0.13204608770320192
118,-0.08009509416297078
119,0.049453508865553886
120,0.14876938553061336
121,0.19546507118502632
122,0.17865735298255458
123,0.1256565134972334
124,0.007012122368905693
125,-0.09520068659912795
126,-0.15771620627492666
127,-0.13279576122295111
128,-0.07584337674779817
129,0.04942862602183595
130,0.1528908665641211
131,0.19774941477226093
132,0.1877671116963029
133,0.1332861453993246
134,0.008041844004765153
135,-0.09270967351039872
136,-0.15462023339932784
137,-0.13482811657013372
138,-0.07384780957363546
139,0.05581084656296298
140,0.15474872337654233
141,0.20875067013548687
142,0.18191763025242835
143,0.12171438854420558
144,-0.005583152989856899
145,-0.10326184396399185
146,-0.1652760259457864
147,-0.14205043547553942
148,-0.0804478632635437
149,0.05153942998731509
150,0.14841118804179132
151,0.19644791400060058
152,0.1714658256387338
153,0.11713500769110397
154,-0.00844723405316472
155,-0.10368189483415335
156,-0.1661834709229879
157,-0.1441761793103069
158,-0.0814724633237347
159,0.05076028703479096
160,0.14738921984098852
161,0.19469570595538244
162,0.16556974384002388
163,0.11002950492547825
164,-0.021516513137612492
165,-0.1163623221218586
166,-0.17225566023262218
167,-0.14535932097351179
168,-0.08326352143194526
169,0.05141144193476066
170,0.14657547004753724
171,0.19315142481354997
172,0.1673209738219157
173,0.10885033488739282
174,-0.01452234573662281
175,-0.11279572051716968
176,-0.1738180106622167
177,-0.1399672866682522
178,-0.0798326771473512
179,0.04959160182625055
180,0.14622217533178627
181,0.19609150086762384
182,0.1703775588539429
183,0.103119999228511
184,-0.021462353935930878
185,-0.11606476682936773
186,-0.16866609413409606
187,-0.14531346067087725
188,-0.07980324735399336
189,0.04730349173769355
190,0.148938357247971
191,0.19063120073406026
192,0.16187770239776
193,0.09390327316941693
194,-0.027857767418026924
195,-0.12440038088243455
196,-0.17796275560976937
197,-0.14715407777111977
198,-0.08407996915047988
199,0.0491323298192583
200,0.15003204555250704
201,0.19013730954611674
202,0.1562621567863971
203,0.09159054601332173
204,-0.033459478814620525
205,-0.12962637125747278
206,-0.17830109351780266
207,-0.14907742151990533
208,-0.08368272089865059
209,0.04672364954603836
210,0.14055375673342496
211,0.18128557869931683
212,0.1592563796439208
213,0.0960429236292839
214,-0.02950293297180906
215,-0.1199447262333706
216,-0.18095489020925015
217,-0.14989717380376533
218,-0.08791604515863582
219,0.0426197157939896
220,0.1370668378076516
221,0.1763412324944511
222,0.13968531711725518
223,0.06967670796439052
224,-0.06362789019476622
225,-0.15510669094510376
226,-0.20068711001658812
227,-0.1545928999548778
228,-0.07650431134970859
229,0.05974353075725958
230,0.15050149883609265
231,0.19158155395416543
232,0.16246027778834105
233,0.09570422722026706
234,-0.03240223816828802
235,-0.12552205106476322
236,-0.17493592953542247
237,-0.13791277416748926
238,-0.06583011301700026
239,0.06795934337424114
240,0.16321510600391775
241,0.20451628271257505
242,0.1720788207021542
243,0.10481758037349209
244,-0.01989041134947911
245,-0.11181311897234991
246,-0.16369089583167806
247,-0.12900531996274367
248,-0.05620705470209941
249,0.07207666366593912
250,0.1612266480224207
251,0.19411561510059983
252,0.16108645708300173
253,0.0931126270443201
254,-0.028647813946008682
255,-0.12006742815719917
0,-0.1677841353812255
1,-0.13101822388125584
2,-0.056265275343321264
3,0.07006687519606203
4,0.16946494905278087
5,0.2083151304977946
6,0.1748945612926036
7,0.10030993685359135
8,-0.02341502025956288
9,-0.12082041328540072
10,-0.16963379399385303
11,-0.13225513929501176
12,-0.049938705924432725
13,0.08113836648408324
14,0.1772234349627979
15,0.20691231032833457
16,0.16617613227572292
17,0.08367909252410755
18,-0.04818812821758911
19,-0.1428666801075451
20,-0.1843234747648239
21,-0.14423582481686026
22,-0.0648254343541339
23,0.06066761689726263
24,0.15203234477667138
25,0.1871321375365369
26,0.155212233599741
27,0.08334526000544429
28,-0.038520578120369464
29,-0.1299234249163419
30,-0.1788429975276813
31,-0.14352172205690295
32,-0.06618608243297786
33,0.06382184627000242
34,0.1514000212191604
35,0.1852811852004379
36,0.1529985525412485
37,0.07808633596869186
38,-0.04852679622126743
39,-0.13979001640109345
40,-0.18320387159474194
41,-0.14726512314518914
42,-0.0674836725811474
43,0.06533161189872772
44,0.149736023042351
45,0.18093690852401778
46,0.1548819814925082
47,0.08167381974635646
48,-0.044701831706333905
49,-0.13584996049758047
50,-0.18024659220827743
51,-0.14687438443070278
52,-0.06794745160732418
53,0.05645319592440501
54,0.1491667038644664
55,0.1851250390172936
56,0.14967152843018994
57,0.06952071684645489
58,-0.052564743789844215
59,-0.1486993909929879
60,-0.18270646821474656
61,-0.13091366470325738
62,-0.03872126777423546
63,0.09160353022161871
64,0.1762049970566295
65,0.20004090917063877
66,0.1593163421493955
67,0.07622109417570755
68,-0.05538952787173912
69,-0.1512754678260535
70,-0.17832637118408456
71,-0.13654245500219986
72,-0.06373223091941327
73,0.05102566699497402
74,0.13484532694565132
75,0.15997423767112195
76,0.12480910320300609
77,0.04640973766800016
78,-0.0649021701538004
79,-0.14820902206702158
80,-0.18429043231299147
81,-0.14566680829739198
82,-0.057351081108208746
83,0.06873807427473366
84,0.15216050250455737
85,0.18311291630379856
86,0.14741888956632465
87,0.069223306782078
88,-0.05237393925199285
89,-0.14399649627739564
90,-0.18423214880749583
91,-0.1454867249703966
92,-0.058878842915873975
93,0.0673349307035096
94,0.15734573837835342
95,0.1846300262841396
96,0.14076179423136637
97,0.057089692214503884
98,-0.06314446387114003
99,-0.14852785866241902
100,-0.18448681017616764
101,-0.14805822068592533
102,-0.06449482636526227
103,0.06233873072778806
104,0.14869956311304122
105,0.17770669335732237
106,0.1394610361312516
107,0.056766975787468255
108,-0.06749131227843463
109,-0.15591599169420078
110,-0.19491081649903208
111,-0.15102397033479065
112,-0.07001643278636038
113,0.058412518817931414
114,0.14234117686282843
115,0.17111577524337918
116,0.13544313301099464
117,0.05324417323572561
118,-0.06027508876286447
119,-0.14115083095384762
120,-0.17931804910767823
121,-0.14594754646532238
122,-0.05641163297696039
123,0.06626098905690014
124,0.14810238248901442
125,0.1680855093873106
126,0.126564095786307
127,0.03730714455014095
128,-0.08447717071976513
129,-0.17018831969471648
130,-0.19879080983810127
131,-0.15453095093835145
132,-0.05485677323304117
133,0.07903376629110426
134,0.15951106388820335
135,0.1715465568122454
136,0.12599439569748938
137,0.03198208368849009
138,-0.0874753508833237
139,-0.1765959548065439
140,-0.20286962727550417
141,-0.16091963095823303
142,-0.054526024439837784
143,0.07387582311639562
144,0.1605825242586434
145,0.1796900916378945
146,0.1391240829252638
147,0.04728392563993111
148,-0.06890757801011205
149,-0.1609881356707774
150,-0.18875298846978694
151,-0.15158451785100624
152,-0.05996483738999814
153,0.06332431477494538
154,0.1473666526726447
155,0.1678393508773297
156,0.13253884861478582
157,0.03705164045095444
158,-0.08387807896360755
159,-0.1726389312534593
160,-0.20209039183100685
161,-0.15404343866975978
162,-0.05497951997676864
163,0.06952058797469363
164,0.1525764079997316
165,0.1771867309580557
166,0.13564973114989698
167,0.0390594937489368
168,-0.08211756678065285
169,-0.16795431432547048
170,-0.19765787885989994
171,-0.15327752177836373
172,-0.05738584272330627
173,0.06772848061518744
174,0.14639699080726132
175,0.16833527002017945
176,0.1293753463542089
177,0.03255249554058537
178,-0.09105206903768703
179,-0.17906807269901037
180,-0.20899561583064497
181,-0.16191173653351143
182,-0.0555157606722787
183,0.06849782553035766
184,0.14716520888032392
185,0.16763881943188608
186,0.1277046762406826
187,0.0299093383946456
188,-0.08832396398065612
189,-0.1734174843877554
190,-0.19384180050110444
191,-0.14410145749570802
192,-0.04115185746923089
193,0.07905556401237845
194,0.17185192182660103
195,0.18850098294205964
196,0.1362117156968452
197,0.02644906338537112
198,-0.09165607177419588
199,-0.17369456210872158
200,-0.18826414848444983
201,-0.14499763102503493
202,-0.04143657087115571
203,0.07816160673974082
204,0.15742184314876795
205,0.17812135274289176
206,0.13158282468793914
207,0.025853241677396
208,-0.09322642191546038
209,-0.1789208694244735
210,-0.19713991304161027
211,-0.14971079828683287
212,-0.03870155289769173
213,0.08698999986518174
214,0.1686739214346744
215,0.1750840157037601
216,0.12684352416545153
217,0.027342529909219593
218,-0.08649530174443498
219,-0.17354317719582468
220,-0.18896655004937202
221,-0.1337463035597466
222,-0.018374718551058322
223,0.10301210184115916
224,0.18613111815648153
225,0.1948274644673802
226,0.14081964967772365
227,0.035805474093649536
228,-0.07755963050294667
229,-0.1623062040307559
230,-0.18396971130277961
231,-0.14327193587087095
232,-0.033249879197683185
233,0.08572401979472488
234,0.15338450425770134
235,0.15945581678533927
236,0.10953558888286352
237,0.0001864214427769184
238,-0.10677327506709844
239,-0.1773202065960504
240,-0.1863947650999762
241,-0.13154488534200937
242,-0.010322956193704158
243,0.11007394175976515
244,0.18574080197140574
245,0.19602340477285907
246,0.15542933123651892
247,0.047462163551244885
248,-0.06958247983129695
249,-0.15422125248005614
250,-0.17321596381952986
251,-0.12717098608845845
252,-0.010835552122443914
253,0.1109035846311599
254,0.18766637501539662
255,0.19757941650459543
0,0.15478700696257874
1,0.041088512691203505
2,-0.08692163205705583
3,-0.17884755216073245
4,-0.19438378646736965
5,-0.14720371511066332
6,-0.016075439285486937
7,0.11360041575971991
8,0.20035918051144108
9,0.21061543776886538
10,0.1615796722471714
11,0.037014344648923725
12,-0.08976910484489053
13,-0.17961677012499422
14,-0.18893173371907324
15,-0.13115081895375624
16,-0.01114976400276646
17,0.12424936023307964
18,0.2062324927537702
19,0.22635701525723562
20,0.16534078936092556
21,0.0327190482057631
22,-0.09710606577573344
23,-0.18389188859146088
24,-0.2055176380672492
25,-0.1534396818606183
26,-0.017666131490841508
27,0.11115846724715084
28,0.1977992623578757
29,0.19866866007214412
30,0.13867721590213478
31,0.010493412206415087
32,-0.1123404095415026
33,-0.19751365261618048
34,-0.1999671517405659
35,-0.14375230844598264
36,-0.016533268382772803
37,0.11716781568247825
38,0.19843162916367874
39,0.20539800904225558
40,0.15710295806638896
41,0.02644717099610716
42,-0.1003178124083206
43,-0.18795171397505328
44,-0.19883765000849962
45,-0.14189313119277358
46,-0.00857939088018611
47,0.11876544647384435
48,0.20502675225725397
49,0.2167378172161989
50,0.16354401921853423
51,0.028851906303316355
52,-0.10791837278520688
53,-0.20261270721675828
54,-0.20798444200772792
55,-0.14931631699437276
56,-0.018306761397980154
57,0.1079576164484024
58,0.184603066125419
59,0.1973260652157478
60,0.1464840162661858
61,0.016944626986514777
62,-0.10126625042175874
63,-0.1914597648428753
64,-0.1959975454956293
65,-0.1444244888261892
66,-0.014521279081236571
67,0.11624895833665505
68,0.19434320699656382
69,0.19082794262794778
70,0.13328950031427667
71,-0.0040320284315384924
72,-0.12549860461149365
73,-0.2006477148970589
74,-0.18907013221178204
75,-0.12872805091319606
76,0.004562265647109598
77,0.12566364335361868
78,0.19654542254284024
79,0.1930262436508201
80,0.12975168094271794
81,-0.004636483208741993
82,-0.12537021632306278
83,-0.2055199938477017
84,-0.20539817202370614
85,-0.1489298478118144
86,-0.006212532345671207
87,0.11929868563311175
88,0.1932409043656662
89,0.19277673604665324
90,0.13828396913595498
91,0.0011975765228271484
92,-0.12222960335202515
93,-0.20909279258921742
94,-0.19993937260005623
95,-0.14116339926840737
96,0.004467265272978693
97,0.1333744899602607
98,0.21046273986576125
99,0.19777179090306163
100,0.13363514456432313
101,-0.009419139707461
102,-0.12916860880795866
103,-0.21406807273160666
104,-0.21283331961603835
105,-0.15501010476145893
106,-0.014843075070530176
107,0.11153733177343383
108,0.18451778014423326
109,0.18980146676767617
110,0.1410463537904434
111,0.006028566509485245
112,-0.11326033639488742
113,-0.19233375415205956
114,-0.18662491417489946
115,-0.11823750357143581
116,0.03259686817182228
117,0.14803834672784433
118,0.20607448945520446
119,0.19741606625029817
120,0.1371828243136406
121,0.0033913312945514917
122,-0.11247813666705042
123,-0.19435824832180515
124,-0.18767029739683494
125,-0.12098867387976497
126,0.01802010677056387
127,0.13263358443509787
128,0.19716093450551853
129,0.18851822696160525
130,0.1309838484157808
131,-0.006211658183019608
132,-0.12340572813991457
133,-0.20148567343130708
134,-0.1903944825171493
135,-0.12931830825982615
136,0.006290303135756403
137,0.1281203519902192
138,0.2013150096172467
139,0.1998606706620194
140,0.1466967561864294
141,0.005936405737884343
142,-0.11749935965053737
143,-0.20071226957952604
144,-0.19559866428608075
145,-0.12829326430801302
146,0.020973186066839844
147,0.13826447841711342
148,0.18863413855433464
149,0.17244483437389135
150,0.10542589414399117
151,-0.031236418115440756
152,-0.13984871620777994
153,-0.21094760566484183
154,-0.1994736815104261
155,-0.13960094400681555
156,0.0038315640413202345
157,0.11956796562299132
158,0.1863139234483242
159,0.17622704477980733
160,0.12347113515716046
161,-0.00907633692258969
162,-0.1188254973385483
163,-0.18593686423264444
164,-0.173165698943194
165,-0.11821812146808952
166,0.018590470834169537
167,0.13051981845637783
168,0.1954168549273163
169,0.18141097109764814
170,0.1270602826261893
171,-0.00634737079963088
172,-0.12073600839357823
173,-0.19528373540379107
174,-0.18237407406559214
175,-0.1316788602853194
176,0.0024704449460841715
177,0.1156480327481404
178,0.1827668120386079
179,0.17158855556044728
180,0.12018245115177706
181,-0.0184572825091891
182,-0.1269701590645127
183,-0.19333527161506936
184,-0.1805509370751679
185,-0.1197360311052762
186,0.021343969856388867
187,0.13753713737241924
188,0.19351852760883048
189,0.17549130658153445
190,0.11907782091293484
191,-0.013095983769744635
192,-0.12113055301597342
193,-0.18823783594416454
194,-0.17936537094647065
195,-0.13074879941996187
196,0.00803345680469647
197,0.12217690417310223
198,0.18477153236744925
199,0.17456543969456106
200,0.12473957799375057
201,-0.008907793322578073
202,-0.12841419456526637
203,-0.19855755829485133
204,-0.17808034014888108
205,-0.11909924139035866
206,0.03307816793676466
207,0.14766498445533216
208,0.20350640238029882
209,0.17704603337915614
210,0.10879943781765178
211,-0.021404756233096123
212,-0.12954655109206215
213,-0.19456554186763242
214,-0.17519311199430376
215,-0.11036301677813753
216,0.028870858543086797
217,0.14224547159392387
218,0.19809646578505635
219,0.177377873333171
220,0.1262053150567226
221,-0.0039078882546164095
222,-0.11110514838946983
223,-0.18005978653673083
224,-0.1637623055721633
225,-0.10285545070655644
226,0.0349013761151582
227,0.13533713587094098
228,0.1883950986666605
229,0.17257204867200926
230,0.11494389188010246
231,-0.02344285824801773
232,-0.12926395441172644
233,-0.19452756736427546
234,-0.17954602977260947
235,-0.12812420341651887
236,0.021629769122228026
237,0.14428619266254827
238,0.20452403812669218
239,0.16976825194433331
240,0.10470539756352082
241,-0.02585759636713192
242,-0.12179547222331166
243,-0.18804803321836516
244,-0.17576116463169456
245,-0.11068633507238701
246,0.03659740148577839
247,0.1416646768921055
248,0.195809026947245
249,0.17887510935543105
250,0.11952823813771829
251,-0.012280773313250393
252,-0.11495076079154387
253,-0.17511749232653528
254,-0.15541403950192034
255,-0.08452133118407801
0,0.05039759073406458
1,0.14519533643033355
2,0.19506451830966398
3,0.1717896722839214
4,0.10879630426643416
5,-0.032262959401123226
6,-0.13270232517970726
7,-0.19222787232138216
8,-0.16639606130775064
9,-0.10426520963665098
10,0.03520129044773057
11,0.14807633368764073
12,0.1957450370537117
13,0.17320070386631414
14,0.11874211049871519
15,-0.010504577250685543
16,-0.11939804966095835
17,-0.18992391310166568
18,-0.17263365257531404
19,-0.11390677600866184
20,0.02728420775383711
21,0.13883163809077814
22,0.1884680712246336
23,0.16044831031467766
24,0.10064599302131683
25,-0.032105473219417036
26,-0.1302279257797636
27,-0.18658694409532472
28,-0.16064328310312703
29,-0.09376623702701181
30,0.04482776654185727
31,0.15329495235346258
32,0.22144384257262573
33,0.1943411038373597
34,0.12667287065414712
35,-0.019052985589951277
36,-0.12939504045061767
37,-0.19075621402589604
38,-0.16029279213398695
39,-0.09670957259368151
40,0.043840819445904344
41,0.15243149298476055
42,0.20216544531285763
43,0.16912060929462314
44,0.10588763031410053
45,-0.03053233865648508
46,-0.1442690480616875
47,-0.20792116812663153
48,-0.1791347885155119
49,-0.10868827096419409
50,0.04383565072203055
51,0.1535239860531874
52,0.215208257723134
53,0.18043276981916279
54,0.10791055660229176
55,-0.033147604030091316
56,-0.13370782922720537
57,-0.19506148615619168
58,-0.1706886487081647
59,-0.10611139301909134
60,0.04043172230012715
61,0.1543946749297902
62,0.19790498429210857
63,0.17059982812497765
64,0.10577862185891718
65,-0.036739344184752554
66,-0.1363175391452387
67,-0.18839749676408246
68,-0.1557431317633018
69,-0.08997286634985358
70,0.04690650658449158
71,0.14402711333241314
72,0.19743465282954276
73,0.16512980312108994
74,0.09507386555196717
75,-0.04315649240743369
76,-0.14016214915318415
77,-0.1956502622924745
78,-0.17078861850313842
79,-0.09450293000554666
80,0.05226339300861582
81,0.1492525109788403
82,0.18167330330470577
83,0.14866466919193044
84,0.08778513583820313
85,-0.04079725232440978
86,-0.13500193902291358
87,-0.19464589207200333
88,-0.1721032820059918
89,-0.10606003063730896
90,0.0435319819371216
91,0.1595627180649899
92,0.21221092116320506
93,0.18012375565012917
94,0.11662710999371484
95,-0.01908037904649973
96,-0.12991057749604806
97,-0.19090529397362843
98,-0.16544238873757422
99,-0.09172752418089658
100,0.05808278213953599
101,0.158964202972129
102,0.19770960957976058
103,0.16040364961372688
104,0.08974611747544259
105,-0.044816092820838094
106,-0.14669744414277375
107,-0.20778435620013624
108,-0.16448505804874003
109,-0.08247849938925356
110,0.06536396488081664
111,0.17013519705506042
112,0.21581253787735477
113,0.17725472891470417
114,0.09876160137355328
115,-0.043134457955602556
116,-0.1491656304569915
117,-0.2140291053801775
118,-0.17901224514935166
119,-0.10539535683346912
120,0.042853625665884465
121,0.14412790955975652
122,0.18729024718049914
123,0.15512516390299425
124,0.07789104670519009
125,-0.052137520047836006
126,-0.1499811140820384
127,-0.20081737637519836
128,-0.15972575318301097
129,-0.07541036693146452
130,0.06607751973206177
131,0.16291995166102424
132,0.1988531535025686
133,0.15813017083564773
134,0.08381776273017749
135,-0.04866061534266919
136,-0.15053518081549555
137,-0.20271209481870756
138,-0.16478816844755784
139,-0.08509838912868872
140,0.06299261300591752
141,0.17459788784617558
142,0.211607969540637
143,0.16647164954338223
144,0.08604626078158617
145,-0.04058198240818456
146,-0.13929997448576614
147,-0.19271656568162143
148,-0.1567619025008753
149,-0.06879310368094593
150,0.07121929887216538
151,0.16793043911457062
152,0.20092745090369135
153,0.158371145487763
154,0.0699105181847699
155,-0.06522651796694845
156,-0.17085265187779441
157,-0.20982173789525405
158,-0.16407974698813632
159,-0.07329281495185569
160,0.07136215269565582
161,0.18331829906674102
162,0.22348373924614862
163,0.18198500404832885
164,0.09262864163611084
165,-0.051452060288283974
166,-0.15771259262692183
167,-0.2109747034846805
168,-0.168767710973043
169,-0.07650905527407303
170,0.06839540851069614
171,0.16633107181405649
172,0.20603871997445822
173,0.16774188983254135
174,0.07511778932530433
175,-0.05661369831068441
176,-0.15676699188770726
177,-0.20429859490832314
178,-0.1669819644303061
179,-0.07777556253131479
180,0.07115585915744305
181,0.16518380277557299
182,0.19952712854137644
183,0.15855867287609726
184,0.07473212288459763
185,-0.06577994686085731
186,-0.162136142491363
187,-0.20685307658277452
188,-0.1698977795895189
189,-0.08153991267317906
190,0.06508094380842522
191,0.16021736728725955
192,0.19408170832321048
193,0.15958695457084104
194,0.08210064854938537
195,-0.05549737939145416
196,-0.14918864739593118
197,-0.19758742419071496
198,-0.15516030573053285
199,-0.061340355896390975
200,0.07475584530038759
201,0.16255729470867664
202,0.1956856237957254
203,0.15899261989397928
204,0.06711577845271677
205,-0.07387063960777596
206,-0.1615531865390949
207,-0.18785492196911946
208,-0.1464208098477684
209,-0.05895844037877396
210,0.07627975032664835
211,0.17249381396686658
212,0.20316519582411274
213,0.1645074431435205
214,0.0765235036960803
215,-0.05569846392609179
216,-0.15475586301181465
217,-0.19753466412657872
218,-0.14815596776315942
219,-0.04642109893029556
220,0.09830771543784067
221,0.19277502270415425
222,0.22426391759654507
223,0.17690916516585276
224,0.07512124924687669
225,-0.06709936412516981
226,-0.17455213313223794
227,-0.20778296800563112
228,-0.1591180413379334
229,-0.06565729505382478
230,0.06398225284647197
231,0.16326692822622135
232,0.1982231034198776
233,0.16115938208531588
234,0.06513165950309485
235,-0.06585068698041141
236,-0.16306084080133587
237,-0.20058073016116396
238,-0.14705011202022433
239,-0.044341704342514277
240,0.08611368061974645
241,0.16852823534281924
242,0.19274233013857156
243,0.1453214958892204
244,0.055907778441905975
245,-0.06371577823301777
246,-0.1614176173461601
247,-0.20577034022426233
248,-0.1657683191006072
249,-0.06436826888239011
250,0.07344040798489004
251,0.16160971339559183
252,0.1886412666644901
253,0.14903333241818473
254,0.06388174172025174
255,-0.07600160874426365
0,-0.17124233779031783
1,-0.2075280576827936
2,-0.15764392603887245
3,-0.04857463843654841
4,0.09164527192479
5,0.18234346294775605
6,0.20177654165308923
7,0.15324202296324074
8,0.051740015333052725
9,-0.07434011402074248
10,-0.17019363638246432
11,-0.20038315921556205
12,-0.1540486554731615
13,-0.05108389857923612
14,0.09267731342697516
15,0.17873906990280375
16,0.20342286548111588
17,0.16354467096971348
18,0.0575117168482393
19,-0.073091322905384
20,-0.15845841442933306
21,-0.195742656593211
22,-0.15380712068872526
23,-0.0596241497551091
24,0.07024848333094269
25,0.16037475445773453
26,0.18496917252196
27,0.14414805499836802
28,0.04461355856619775
29,-0.084015132044442
30,-0.17985147540457547
31,-0.2053892826079391
32,-0.15404542913893238
33,-0.04339705529855564
34,0.08571509254397824
35,0.18910782202146947
36,0.21535871754167601
37,0.1600921186618507
38,0.04382048867410049
39,-0.08663626544876024
40,-0.1773455946240574
41,-0.19947296113241464
42,-0.14826162689132616
43,-0.03542827017372474
44,0.10049952025292441
45,0.18813281739130616
46,0.21780028112698346
47,0.17057873215526342
48,0.05928880342980847
49,-0.06814650923479348
50,-0.16645047551719472
51,-0.19347585027571768
52,-0.14410478936042637
53,-0.039694387232884765
54,0.08684971567708999
55,0.17548276903107762
56,0.2171248040976934
57,0.17941732826875523
58,0.06908723327796906
59,-0.06958615471376106
60,-0.1652045845403336
61,-0.19418374466476962
62,-0.1427382567198947
63,-0.03723280812846497
64,0.09808799222810194
65,0.18523734266636893
66,0.20027414429932833
67,0.14857077569467947
68,0.04146631417097524
69,-0.0747171450057067
70,-0.15349581727059558
71,-0.17493424244457856
72,-0.11876656260574237
73,-0.01184031565207988
74,0.11648334987694398
75,0.19347695080796257
76,0.21264556370442733
77,0.15652931801741943
78,0.040995059825945646
79,-0.08372518949909136
80,-0.1680983947007917
81,-0.184754635381978
82,-0.13930240692570806
83,-0.027095544850453734
84,0.10137698397738859
85,0.1857149598072283
86,0.20489720557816327
87,0.1720893022720702
88,0.07835843379143625
89,-0.046794263063929975
90,-0.14782013761578128
91,-0.17866027413401753
92,-0.13248741533607244
93,-0.013950966822449118
94,0.1146198331261985
95,0.19503114192048088
96,0.19785356504144147
97,0.14408034627558663
98,0.028445736854337156
99,-0.0796658867620863
100,-0.15770476101897657
101,-0.1762093812576495
102,-0.1284555594320409
103,-0.00346248532878235
104,0.13167542114388198
105,0.21681272075511515
106,0.22874333726940677
107,0.17247571097686887
108,0.058009934960864484
109,-0.05820408114232123
110,-0.1482337759807706
111,-0.1618772002402693
112,-0.11110026459209621
113,0.008983004954643548
114,0.13129228202160448
115,0.2139904917567037
116,0.22714521043235436
117,0.18283216177951545
118,0.07334789307788014
119,-0.054480302380397916
120,-0.1497615422704257
121,-0.1775504025281407
122,-0.1279658016283065
123,0.010929027223028243
124,0.1382347655016929
125,0.21079727949108928
126,0.2172492367681116
127,0.1685626198304817
128,0.05288314213976264
129,-0.06905500212451443
130,-0.15857858810340986
131,-0.1769611471099779
132,-0.12835370801622048
133,-0.00031321856658905745
134,0.13067093590507284
135,0.21056420326931402
136,0.21835776552325115
137,0.16405854176264256
138,0.038629725691862404
139,-0.08230777742573991
140,-0.16180729784537107
141,-0.17969661223469302
142,-0.12608421017648652
143,0.005488809605594724
144,0.1385356699465774
145,0.21780480677261949
146,0.22034078335855156
147,0.1671353243291378
148,0.05670198204461485
149,-0.06280447164317593
150,-0.15453524637268856
151,-0.1745112717617303
152,-0.1216403030557558
153,0.007972973515279591
154,0.13711217662785202
155,0.21699318650644273
156,0.22477450297446921
157,0.1744877874152735
158,0.051234910322818905
159,-0.06850623240461573
160,-0.14778723381459713
161,-0.15350617363583297
162,-0.1012828178354539
163,0.019024669367354363
164,0.14119186426978558
165,0.21765013423282653
166,0.2304301572148688
167,0.18293794972123578
168,0.053693349356763065
169,-0.06861394905718043
170,-0.15923780569573864
171,-0.16420521528925747
172,-0.11196341807954013
173,0.012631160847377032
174,0.13932176952948794
175,0.2173683387809433
176,0.23161187983350828
177,0.1846048947190866
178,0.04999048152239993
179,-0.07487196556758136
180,-0.15743573958752677
181,-0.16789515083655715
182,-0.111866494291462
183,0.021142772224266082
184,0.14074395352508873
185,0.21025013859616593
186,0.19864988164044917
187,0.15060330246342346
188,0.022512832074426115
189,-0.08351906144525856
190,-0.15996974002337083
191,-0.16347317286999896
192,-0.10074481909396127
193,0.03626906912541017
194,0.1621850139927119
195,0.2361652878462337
196,0.23427549633197486
197,0.17457875335821882
198,0.04681103251641616
199,-0.0713388358708471
200,-0.15537340240553021
201,-0.16193467448465526
202,-0.10908859933260828
203,0.027207712410017848
204,0.14935832185437903
205,0.2182383852195926
206,0.22503916115965694
207,0.1693830176955089
208,0.03735532145947218
209,-0.08004650590009987
210,-0.15455308958189562
211,-0.15587196400156245
212,-0.10291520832106471
213,0.031174301460850984
214,0.15331733535276726
215,0.22475103003671393
216,0.22836868377635255